lat1,long1,lat2,long2,lat3,long3,lat4,long4,lat5,long5,lat6,long6
26.955733,-101.470136,-38.724967,-62.169317,10.389167,44.941106,8.731831,106.632589,55.591531,37.261486,26.955733,-101.470136
54.404999,-110.279444,51.4412,-121.1958,34.519672,113.840889,-23.5675,148.179167,11.11965,-74.230647,54.404999,-110.279444
-20.2492,169.771,30.5536,97.1083,20.296139,41.634277,48.0711,-65.4603,43.938956,-90.253433,-20.2492,169.771
56.7006,47.9047,61.414147,23.604392,45.470556,-73.740833,44.5451356,-89.5302844,65.2537,-166.859,56.7006,47.9047
34.597453,-117.382997,-31.323619,-64.207953,-34.972222,-57.894694,50.884722,19.202222,48.210278,-79.981389,34.597453,-117.382997
-20.7748,167.239864,-13.744864,-76.220284,14.739708,-17.490225,41.533056,-71.282222,40.440833,-109.51,-20.7748,167.239864
27.583,84.233,15.709444,106.411667,35.0461,118.412,51.4412,-121.1958,18.451111,-66.675556,27.583,84.233
33.662222,135.364444,-1.254722,176.007222,26.54,101.799,36.1781,5.32449,44.9262845,-89.6270018,33.662222,135.364444
38.2692,109.731,56.351944,-133.6225,50.281944,-63.611389,-12.986753,40.522492,-12.998139,28.664944,38.2692,109.731
-13.375834,50.002777,35.594333,-5.320019,36.405419,28.086192,41.3521,-82.497,34.829164,-77.612139,-13.375834,50.002777
-6.121236,23.569008,25.112225,56.323964,52.134642,7.684831,48.542983,-109.762342,39.747333,127.474611,-6.121236,23.569008
-19.7206,163.661,6.78083,47.4547,37.986814,58.360967,57.0228,-7.44306,39.1006,-77.09576,-19.7206,163.661
55.042436,-131.572233,44.7692,-106.98,37.45,38.9,2.83641,117.374,33.3856,120.125,55.042436,-131.572233
44.174721,0.590556,17.311194,-62.718667,29.607333,-95.15875,54.610833,-97.760278,-8.443056,20.732222,44.174721,0.590556
25.284706,-76.331011,-6.222025,39.224886,60.1478,24.9244,45.316111,-65.890278,42.422161,-87.867908,25.284706,-76.331011
-7.926556,112.714514,-27.9864,143.811,-14.3044,-67.3534,33.5269167,-112.2951389,37.249,27.667,-7.926556,112.714514
71.285446,-156.766003,-34.8103,149.726,38.812222,139.787222,62.18,6.0742,59.3517,-2.90028,71.285446,-156.766003
-8.489039,117.412119,-14.5211,132.378,61.4370608,-142.9030737,40.199833,-75.148167,27.335156,68.143053,-8.489039,117.412119
33.662222,135.364444,19.934856,110.458961,35.339719,25.180297,51.396667,-3.343333,69.108055,-105.138333,33.662222,135.364444
-17.939722,146.141944,53.602,24.0538,70.600278,29.6925,45.5175,-73.416944,27.740889,-98.026944,-17.939722,146.141944
51.382669,-2.719089,-4.081608,122.418231,-16.7961,168.177,-7.333,157.583,49.761667,-77.802778,51.382669,-2.719089
-16.05415,-145.656994,41.10167,-102.985,11.130192,7.685806,40.898553,29.309219,59.356944,-157.471111,-16.05415,-145.656994
-32.78,151.83,29.475686,60.906189,58.767223,-111.117222,48.422778,-123.3875,20.962936,-156.673031,-32.78,151.83
36.1781,5.32449,52.701978,-8.924817,32.216,-80.752,-23.5675,148.179167,67.2456,23.0689,36.1781,5.32449
19.934856,110.458961,-15.5708,-175.633,64.1161,-117.31,49.083889,-85.860556,49.253547,2.519139,19.934856,110.458961
52.180878,-9.523783,47.039014,5.42725,48.109853,7.359011,-0.616667,174.366667,39.3256667,-76.4137778,52.180878,-9.523783
49.393333,8.6525,27.253117,86.670044,26.54,101.799,32.857,103.683,54.1251,45.2123,49.393333,8.6525
8.921667,166.265556,34.426211,-119.840372,41.884694,-91.710806,40.1570414,-75.8704892,48.1408,11.555,8.921667,166.265556
0.228611,173.410556,61.5239,-166.147,39.140972,-96.670833,47.671317,9.511486,37.920708,21.292583,0.228611,173.410556
54.083333,-4.623889,25.906833,-97.425861,-41.738056,171.580833,0,0,48.196667,16.337778,54.083333,-4.623889
7.246739,5.301008,37.979,32.561861,47.6875,26.354056,50.563333,3.08805,45.080689,3.762889,7.246739,5.301008
37.7314,38.4689,22.028842,121.533642,-22.486667,17.4625,7.883317,-67.444025,57.0688,8.705225,37.7314,38.4689
54.964367,9.791731,53.5955,6.709167,9.757567,125.479328,-1.35,174.8,43.9156,115.964,54.964367,9.791731
32.343947,-86.987803,59.589444,16.633611,27.379444,52.7375,-7.583,141.317,23.703336,-98.956486,32.343947,-86.987803
34.0158333,-118.4513056,51.334366,46.022952,60.957908,14.511383,44.23,-78.363333,34.433781,-100.287992,34.0158333,-118.4513056
-28.8303,153.26,-14.4281,-146.257,-21.247222,-56.4525,12.949986,77.668206,20.960556,101.4025,-28.8303,153.26
7.125522,125.645778,39.603606,47.8815,50.1028,-5.67056,5.452831,-55.187783,-19.972564,23.431086,7.125522,125.645778
-3.416667,119.916664,5.356975,162.958386,-27.770586,29.976894,-1.37925,-48.476292,55.585567,12.131428,-3.416667,119.916664
42.194014,-72.534783,-0.665214,13.673133,52.9436,-91.3128,46.2647,-119.119,46.428,-105.886,42.194014,-72.534783
3.6575,-54.037222,22.5806,28.7207,68.4913,16.678108,53.8911,-92.1964,32.669502,-115.51333,3.6575,-54.037222
52.06,23.53,44.024983,-88.551336,47.75,10.601,27.3256,103.755,-23.926089,29.484422,52.06,23.53
51.8197,-93.9733,-10.719417,-48.399736,-29.462256,27.552503,45.8208,6.65222,60.121,-2.052,51.8197,-93.9733
5.78287,36.562,31.722556,35.993214,28.234922,-80.610125,41.5209,2.10508,28.633,84,5.78287,36.562
2.01444,45.3047,45.742931,16.068778,59.345867,14.495922,11.95,-66.67,-7.218958,-39.2701,2.01444,45.3047
30.3203,109.485,44.3357,14.2335,32.697889,-16.774453,49.193056,-84.758889,25.233308,62.329494,30.3203,109.485
29.611619,35.018067,62.578411,11.342347,42.275556,-82.955556,33.827222,132.699722,41.13825,27.919094,29.611619,35.018067
42.7953611,-70.8394444,37.325472,-79.975417,37.624049,-118.837772,-39.649956,-73.086111,-11.040436,-68.782972,42.7953611,-70.8394444
42.6907171,-88.3046825,-36.542317,-56.721756,-7.40089,20.8185,47.178492,27.620631,46.123083,-67.792056,42.6907171,-88.3046825
61.076667,-151.138056,19.374,96.121,11.5472,43.1594,70.065,29.844,41.83075,-90.3289722,61.076667,-151.138056
40.6153136,-103.2648454,7.010369,-74.715497,30.410425,-88.924433,37.0602875,-88.7729583,50.4094,136.934,40.6153136,-103.2648454
13.733194,-60.952597,55.8622,-4.2512,41.907167,128.409889,33.849658,73.798147,-21.849167,35.436944,13.733194,-60.952597
52.1273,5.27619,32.852519,-106.106525,55.344444,-131.663333,30.969167,61.866944,52.473025,13.403944,52.1273,5.27619
18.3127,-65.3034,37.505167,-77.319667,38.289085,-104.496572,50.865917,7.142744,-24.855978,-65.486169,18.3127,-65.3034
52.52493,13.36963,-1.816639,109.963483,60.149167,-164.285556,6.202917,-77.394675,55.2819,-77.7653,52.52493,13.36963
47.82,-83.346667,-14.868055,-148.717225,-18.3166666,-137.016666,36.9261,-111.4483,49.472706,8.514264,47.82,-83.346667
39.9427,-91.1946,42.357628,-3.620764,15.251278,104.870231,59.754356,-154.910961,44.045278,-103.057222,39.9427,-91.1946
46.353611,-87.395278,41.163472,-73.126167,59.645556,-151.476583,22.673853,121.466481,7.083,171.133,46.353611,-87.395278
45.80921,-108.537654,-10.984,-37.070333,-27.770586,29.976894,46.1792,-1.19528,68.875133,-166.110022,45.80921,-108.537654
32.482222,130.158889,50.835556,-0.297222,-27.765617,-64.310122,39.1460208,-86.6166805,43.60733333,-110.73775,32.482222,130.158889
39.85,110.033,-24.782766,31.353929,-22.9799,14.6453,29.475686,60.906189,48.637839,19.134108,39.85,110.033
54.509189,-1.429406,34.3507778,-85.1586667,43.398953,132.148017,30.203222,71.419111,57.783917,28.395614,54.509189,-1.429406
31.337431,48.76195,34.345853,47.158128,68.3488,-166.799,59.960833,-162.881111,49.630278,-112.799722,31.337431,48.76195
47.708333,67.733333,60.709553,-135.067269,34.0916667,-117.7817778,12.188853,-68.959803,-4.29694,39.5714,47.708333,67.733333
42.0471,-76.0578,55.305836,61.503333,62.071111,-142.048333,42.17,-112.289,42.082022,-80.176217,42.0471,-76.0578
36.822225,7.809167,40.750369,43.859342,67.008611,-146.366389,41.517778,-88.175556,-38.483056,-58.817222,36.822225,7.809167
43.645278,-79.380556,14.591033,-61.003175,-19.149166,23.7875,54.268299,48.2267,39.4030278,-119.2511944,43.645278,-79.380556
49.612222,-115.781944,13.0956,103.224,54.5,11.2167,43.677223,-79.630556,37.044222,-100.95986,49.612222,-115.781944
43.73333333,7.41666666,22.379528,-73.0135,30.396528,-84.350333,35.530069,134.166553,-24.9415,31.4446,43.73333333,7.41666666
5.99368,80.3203,-26.413334,146.2625,70.99,25.83,65.2537,-166.859,39.7079,-77.7295,5.99368,80.3203
21.375,0.923889,-16.6369,128.451,-8.80454,148.309,5.90924,169.637,21.4835,-158.039667,21.375,0.923889
41.26375,-72.886806,-12.4792,13.4869,26.731528,94.175536,-24.903889,152.318611,16.7286,-169.534,41.26375,-72.886806
40.734722,-74.164167,-9.23278,142.218,-25.8939,113.577,35.207725,0.147142,54.3795,10.145167,40.734722,-74.164167
34.315472,-81.108806,45.404167,141.800833,-10.5864,142.29,57.357778,21.544167,46.5274747,-90.1313967,34.315472,-81.108806
39.307222,-76.615556,42.78175,-71.5147778,46.353611,-87.395278,8.53333,-83.3,36.937644,-76.289289,39.307222,-76.615556
46.686389,17.159056,68.362586,23.424322,-20.535222,-70.181275,29.215429,-99.748962,3.326694,117.565569,46.686389,17.159056
32.6452778,-81.5971111,0.579211,12.890908,4.204117,34.348186,-3.416667,119.916664,63.683056,66.683056,32.6452778,-81.5971111
37,14.6144,10.558208,-71.727856,32.719047,-98.891,35.083228,-108.791778,42.816822,47.652294,37,14.6144
39.3451039,-81.4392031,62.9529,-155.606,56.578344,-169.661611,10.25,-85.417,33.562942,-86.75355,39.3451039,-81.4392031
-8.50582,151.081,8.71889,-83.6417,46.842091,-92.193649,14.481233,-11.404397,55.585567,12.131428,-8.50582,151.081
-41.3,-69.5833,21.375,0.923889,15.179692,-12.207272,56.226944,-117.447222,38.8422,-99.2732,-41.3,-69.5833
60.839722,-115.782778,11.641161,92.729744,16.401499,107.702614,59.128056,-156.858611,53.0642,-93.3444,60.839722,-115.782778
22.639258,113.810664,-25.653858,28.224231,-3.465556,-68.918889,47.398,-120.206,46.4062,-122.5897,22.639258,113.810664
49.948672,7.263892,49.173333,-0.45,34.300833,-97.008889,39.299722,-114.841944,14.146881,-16.051297,49.948672,7.263892
45.738456,7.368719,44.4497689,-68.3615653,-19.149166,23.7875,6.519922,101.7434,-17.931806,31.092847,45.738456,7.368719
-41.123299,172.988998,-15.4856,141.751,10.389167,44.941106,38.89125,-6.821333,-31.945183,-65.146283,-41.123299,172.988998
23.746603,92.802767,56.372889,-2.868444,42.8835647,-76.7812318,41.77,140.821944,-0.693342,73.1556,23.746603,92.802767
-3.916858,-70.508225,48.7793,8.08048,42.088056,127.548889,49.082222,-125.7725,-33.392975,-70.785803,-3.916858,-70.508225
51.189444,4.460278,37.090617,127.029594,21.648675,69.657219,43.256286,11.255036,-10.8708,-61.8465,51.189444,4.460278
50.78,-1.8425,14.7944,120.271,-27.998,26.669586,-25.528475,-49.175775,37.940194,-75.466389,50.78,-1.8425
35.656489,-95.366656,58.96591,-155.108089,62.399453,25.678253,49.650106,-1.470281,53.0125,-89.8553,35.656489,-95.366656
44.359806,-84.671112,40.175,-80.6463,47.850193,3.497111,24.698283,-77.795611,32.960169,-112.673636,44.359806,-84.671112
42.067806,24.850833,-2.705197,111.673208,33.616653,73.099233,54.964367,9.791731,51.351944,0.502778,42.067806,24.850833
29.818194,-95.672611,46.9141,7.497153,7.165242,124.209619,-23.6031,148.807,67.7362,-164.563,29.818194,-95.672611
49.436911,7.600283,31.722556,35.993214,40.652083,-75.440806,35.5651,-114.514,-0.5425,-78.3657,49.436911,7.600283
25.568278,-103.410583,31.1525,-97.407778,42.194014,-72.534783,9.511944,-75.586389,-27.449986,-59.056125,25.568278,-103.410583
50.960817,6.042422,54.618056,-5.8725,43.1894444,141.0022222,34.135872,77.546514,48.109853,7.359011,50.960817,6.042422
2.01444,45.3047,5.966667,80.683333,-3.429406,37.074461,-3.465556,-68.918889,71.993889,-125.2425,2.01444,45.3047
28.3416111,-80.6854722,59.361247,-155.258822,59.800292,30.262503,41.506111,32.088611,14.481233,-11.404397,28.3416111,-80.6854722
38.411894,140.371331,26.330508,89.467203,43.468419,-1.523325,43.2840556,-70.9292778,36.260581,-76.174572,38.411894,140.371331
32.482222,130.158889,67.570556,-139.839167,23.562631,-75.877958,5.605186,-0.166786,32.114661,34.782239,32.482222,130.158889
33.369944,-81.9645,35.059364,-118.151856,47.966944,-84.786389,5.31,5.45,18.008306,-66.563028,33.369944,-81.9645
51.855833,11.418333,34.882403,-95.783463,37.090617,127.029594,-16.049,47.622,-28.399097,21.260239,51.855833,11.418333
46.8933,75.005,52.627778,11.818333,49.948672,7.263892,-3.14604,-59.9863,70.613378,-159.86035,46.8933,75.005
30.407278,-89.070111,46.826108,4.817633,51.6911,-76.1356,47.1684,-88.4891,34.08525,-117.146388,30.407278,-89.070111
57.730278,-153.320556,-43.764999,170.133333,25.778489,-100.106878,25.083,-77.3,35.899904,-113.815674,57.730278,-153.320556
37.435128,25.348103,-22.921667,-42.074167,9.430225,-64.470725,36.621944,-87.415,39.299722,-114.841944,37.435128,25.348103
9.46667,170.233,34.1758638,-83.5615972,43.2840556,-70.9292778,51.5031,-0.1147,14.508647,121.019581,9.46667,170.233
61.64705,50.84505,37.010278,25.127778,12.4102,-16.746125,16.815233,94.779911,22.801,90.3012,61.64705,50.84505
37.7861,-122.3186,-35.07,173.285278,44.5067,-123.2915,52.92,-1.079167,51.749964,-1.583617,37.7861,-122.3186
48.84,2.318611,3.121967,35.608692,9.272222,21.197222,37.7314,38.4689,42.176653,42.482583,48.84,2.318611
21.800278,31.516389,14.35,108.017,56.743108,60.802728,50.823194,6.186389,4.421608,-75.1333,21.800278,31.516389
52.527022,31.016692,48.689878,9.221964,61.160517,-45.425978,42.70325,-87.9589722,41.83075,-90.3289722,52.527022,31.016692
59.5358,-1.62806,40.855869,25.956264,0.505228,-76.500836,-13.526944,-48.220556,61.261667,17.098056,59.5358,-1.62806
15.775317,-96.262572,56.7006,47.9047,37.842006,-4.848878,38.543333,68.825,77.4886,-69.3887,15.775317,-96.262572
34.895556,-82.218889,-14.3114,-178.066,58.135,102.566,-29.648975,30.398667,59.2736,38.0158,34.895556,-82.218889
44.913055,9.723333,13.0956,103.224,57.0688,8.705225,40.7425,-73.971944,43.2829,17.845878,44.913055,9.723333
50.835556,-0.297222,58.957778,-2.905,21.834689,-82.783819,43.107333,-78.946194,43.505554,5.367778,50.835556,-0.297222
55.131111,-131.578056,41.414742,19.720561,56.816666,-5.116667,42.6149167,-88.3895833,34.597453,-117.382997,55.131111,-131.578056
40.648094,-86.152119,48.9558961,-122.4581183,9.557192,-0.863214,25.284706,-76.331011,30.235834,-81.680556,40.648094,-86.152119
-8.09778,156.864,16.466628,102.783661,46.9575,6.86472,54.9881,-85.4433,43.938956,-90.253433,-8.09778,156.864
21.917475,-71.939561,18.439417,-66.001833,59.361247,-155.258822,59.011356,-161.819664,57.55,-153.75,21.917475,-71.939561
3.73389,115.479,35.285374,40.175961,57.705214,-3.339169,35.042417,-89.976667,41.5942,-109.065,3.73389,115.479
38.818094,-92.219631,-11.5339,160.063,9.82316,169.308,36.706914,67.209678,59.1553,-2.64139,38.818094,-92.219631
15.2622,-83.7812,8.966667,-80.333336,-6.639444,-69.879722,44.913055,9.723333,66.913944,-151.529056,15.2622,-83.7812
21.152886,-157.096256,-34.559175,-58.415606,40.2759,-79.4048,46.1633,100.704,-3.18985,142.43,21.152886,-157.096256
48.205667,11.267,65.507778,-150.140833,-3.04361,152.629,23.161356,-106.266072,43.9228,-78.895,48.205667,11.267
49.713889,-83.686944,43.9750617,-74.42044,29.359486,-100.777975,38.965667,121.5386,52.361933,0.486406,49.713889,-83.686944
-8.126794,-34.923039,69.108055,-105.138333,57.922876,-152.500511,-32.7033,151.488,47.121944,51.821389,-8.126794,-34.923039
54.1797,-58.4575,10.766044,121.933439,25.0538,-111.615,44.359806,-84.671112,51.2117,-58.6583,54.1797,-58.4575
54.377569,18.466222,51.3222,3.29306,63.3469,-90.7311,6.785458,101.153569,18.570103,-11.423547,54.377569,18.466222
48.259322,25.980831,45.63805,5.880225,67.269167,14.365278,42.8375,-103.095556,40.750369,43.859342,48.259322,25.980831
0.922683,104.532311,46.070833,18.233056,55.8622,-4.2512,46.353611,-87.395278,59.2503,-105.841,0.922683,104.532311
48.351803,-122.655906,-13.84861111,-171.7408333,53.74,91.385,51.7506,36.2956,66.400431,112.030325,48.351803,-122.655906
35.748492,139.348483,36.117,103.617,31.183903,29.948889,54.3089,8.68694,66.814167,-150.643611,35.748492,139.348483
35.10147222,-120.6223611,37.1325,-76.608841,12.4102,-16.746125,43.809953,11.2051,69.783283,170.597006,35.10147222,-120.6223611
51.5031,-0.1147,51.446388,-90.214167,34.296161,-116.162203,41.5769708,-73.7323514,45.3967,6.63472,51.5031,-0.1147
41.9090278,-70.7287778,41.4785556,-73.13525,40.849278,-77.848694,29.3591,-99.1775,77.4886,-69.3887,41.9090278,-70.7287778
61.5338,-165.584,45.80921,-108.537654,-1.33,-69.58,8.178508,123.841731,31.4944,120.429,61.5338,-165.584
-28.8303,153.26,9.957961,-83.022006,42.1285833,-86.4285,66.9513,-53.7293,-3.04361,152.629,-28.8303,153.26
45.062486,28.714311,60.1939,11.1004,38.748697,-90.370028,33.676132,-117.731164,39.428611,141.135278,45.062486,28.714311
-12.0944,134.894,35.623858,-0.621183,44.264444,-73.961944,41.3715353,-73.4821906,23.287467,77.337375,-12.0944,134.894
-4.333,20.583,35.886592,71.800578,46.20089,5.292028,41.1908333,-83.3930833,-39.2928,-71.9159,-4.333,20.583
27.591389,-81.528889,49.337222,-124.393889,-20.1361,-157.345,31.742042,118.862025,11.11965,-74.230647,27.591389,-81.528889
60.422017,15.515211,4.554722,-61.144922,39.4030278,-119.2511944,33.987139,74.77425,-5.826789,144.295861,60.422017,15.515211
41.5971389,-71.4121389,29.95925,-81.3397222,17.110361,81.818208,64.930061,25.354564,56.633333,-6.557222,41.5971389,-71.4121389
18.404247,-76.969017,45.929233,6.098764,-25.038056,46.956111,-34.559175,-58.415606,-39.008611,174.179167,18.404247,-76.969017
25.935064,119.663272,53.9549,30.0951,-7.969597,-14.393664,63.424303,-20.278875,33.236944,-107.27175,25.935064,119.663272
-8.597011,120.477061,16.815233,94.779911,22.041075,120.730208,16.316814,-86.522961,36.005094,-94.170059,-8.597011,120.477061
-27.8433,120.703,2.050278,173.266667,57.503611,-134.585,39.9557,-75.182,-13.8517,167.537,-27.8433,120.703
34.729444,-92.224306,50.6071,26.1416,-32.0975,115.881111,-22.938,-48.467,30.533167,-91.149639,34.729444,-92.224306
-10.848056,162.454167,4.84917,115.408,49.8635,6.788167,40.850971,-96.75925,32.510864,-92.037689,-10.848056,162.454167
39.2407,-77.591,-42.713611,170.985278,32.114661,34.782239,47.058056,2.370278,50.6744,-59.3836,39.2407,-77.591
28.102753,-80.645258,61.414147,23.604392,20.675434,58.890467,48.329498,-70.995697,29.1804,-81.06497,28.102753,-80.645258
18.58005,-72.292542,-12.804722,45.281113,59.782222,-154.1325,33.67975,-78.928333,25.79325,-80.290556,18.58005,-72.292542
22.492192,-79.943611,31.6839046,-83.2709036,54.5797,18.5172,1.609194,101.433558,3.3,114.783,22.492192,-79.943611
-2.919178,25.915361,41.316944,33.796111,25.989194,-111.348361,43.7696,-87.851402,-13.789378,33.781,-2.919178,25.915361
32.541064,-116.970158,44.256944,-76.536943,38.00543,125.77863,34.55,119.25,-3.583828,143.669186,32.541064,-116.970158
21.036528,-86.877083,8.974425,-71.943014,7.165242,124.209619,73.517807,80.379669,46.238064,6.10895,21.036528,-86.877083
70.961111,-8.575833,42.6907171,-88.3046825,30.427803,-86.689278,43.880606,144.164053,6.733333,44.266667,70.961111,-8.575833
62.2075,-133.375833,17.601569,-101.460536,-29.782178,-57.038189,14.047194,-83.386722,36.133722,-80.222,62.2075,-133.375833
17.237992,99.818183,51.8583,47.7456,47.207708,-119.32019,23.8833,120.933,35.7997,107.603,17.237992,99.818183
61.83,6.10583,25.290487,63.345083,-23.6031,148.807,3.05,30.917,37.928969,41.116583,61.83,6.10583
-26.529022,31.307519,-18.043267,178.559228,55.579167,-133.076111,-10.5864,142.29,-18.7553,146.581,-26.529022,31.307519
38.0570785,-97.2752278,11.968722,79.810058,43.677223,-79.630556,-46.899693,168.101592,61.943064,28.945136,38.0570785,-97.2752278
50.195833,-61.265833,40.080111,116.584556,33.453722,-93.991028,41.6978,86.1289,36.681878,-121.762347,50.195833,-61.265833
0.583,115.6,20.545994,-100.88655,33.96889877,-112.7990036,-36.3006,148.974,31.337431,48.76195,0.583,115.6
62.462778,-114.440278,28.189158,113.219633,53.625278,-77.704167,22.5806,28.7207,14.0781,38.2725,62.462778,-114.440278
3.722556,11.553269,50.8,4.4,25.9950278,-81.6725278,43.2247,-93.4067,42.5571,-92.4003,3.722556,11.553269
60.213611,-162.043889,-31.547903,28.674289,41.298669,-72.925992,41.179956,20.742325,-34.9433,117.809,60.213611,-162.043889
53.309723,-113.579722,27.811187,86.712661,62.24,-92.5981,-7.532222,-63.072222,66.975833,-160.436667,53.309723,-113.579722
-9.85111,39.7578,45.862778,1.179444,-19.6344,134.183,-18.233889,127.669722,-21.542778,35.473056,-9.85111,39.7578
24.1863,120.654,27.379444,52.7375,-36.542317,-56.721756,-11.768086,19.897672,53.8572,-94.6536,24.1863,120.654
-2.627778,-56.735833,38.175958,13.091019,45.0781,-83.5603,29.3591,-99.1775,-34.5611,150.789,-2.627778,-56.735833
31.692683,38.7312,14.14675,38.772833,43.191667,-79.171111,32.127583,-81.202139,45.2477456,-92.9943853,31.692683,38.7312
-23.383369,43.728453,22.721786,75.801086,30.2187,-81.8767,43.468419,-1.523325,39.1771,23.503675,-23.383369,43.728453
9.257553,12.430422,-16.438611,-39.080833,57.055599,-111.573997,-8.75,158.2,65.566667,-37.1166667,9.257553,12.430422
51.323889,-0.8475,-42.155,145.292,-1.33,-69.58,49.1325,-68.204444,-24.855978,-65.486169,51.323889,-0.8475
-16.722861,-151.465856,54.678055,-101.681667,7.89129,-11.1766,35.5651,-114.514,41.669336,-70.280356,-16.722861,-151.465856
54.5,11.2167,-22.235556,114.088611,-16.8028,179.341,39.085386,-76.759414,-23.432075,-46.469511,54.5,11.2167
-10.225,142.218,7.067,38.5,31.611289,-97.230519,51.553,-0.418167,16.699856,98.545056,-10.225,142.218
-7.645056,109.033911,-2.499194,112.974992,-17.0903,168.343,10.633333,38.783333,9.73852,-85.0138,-7.645056,109.033911
-28.581667,29.749722,38.3667,-82.558,8.1132,98.316872,61.5816,-159.543,55.15139,-105.261944,-28.581667,29.749722
35.15111,33.27222,-42.713611,170.985278,-19.543069,-65.723706,61.934444,-162.899444,-9.510808,-35.791678,35.15111,33.27222
40.608989,72.793269,-34.040278,150.687222,48.663055,21.241112,0.093056,-76.8675,41.2545,36.5671,40.608989,72.793269
52.1206,-101.236,43.232072,27.825106,39.3665,-74.442,-25.938514,27.926133,43.173611,-79.935,52.1206,-101.236
-20.055333,30.859111,58.195278,-136.3475,53.625278,-77.704167,-27.69,114.262,46.534581,3.423725,-20.055333,30.859111
17.496492,-62.979439,-8.70257,160.682,36.909908,50.679589,24.963242,91.866783,37.5728,105.1544,17.496492,-62.979439
32.680833,-96.868333,-26.6292,120.221,68.635556,-95.849722,49.055556,-117.609167,-31.323619,-64.207953,32.680833,-96.868333
4.421608,-75.1333,63.340297,53.482592,3.421,115.154,-20.535222,-70.181275,-22.549639,-55.702614,4.421608,-75.1333
33.301556,-104.530556,-12.4792,13.4869,59.800292,30.262503,39.136089,-121.436567,-42.155,145.292,33.301556,-104.530556
23.72,106.96,-9.443383,147.22005,-12.6571,132.893,53.1067,-9.65361,39.5425,-95.4677,23.72,106.96
-3.465556,-68.918889,30.069567,-85.575417,-16.6906,-179.877,-4.183333,121.61667,-2.157419,-79.883558,-3.465556,-68.918889
-33.4094,149.652,67.701022,24.84685,42.8375,-103.095556,41.7440278,-72.1802222,2.3275,31.5,-33.4094,149.652
45.681944,-74.005278,48.0433,33.21,39.771944,-94.909706,-9.58333,143.767,60.432778,-1.296111,45.681944,-74.005278
10.912926,-63.967581,32.9,115.816667,10.823656,72.176042,22.149556,113.591558,-25.8939,113.577,10.912926,-63.967581
46.4062,-122.5897,16.907305,96.133222,-8.87333,161.011,42.8711,-97.3969,-2.85,11.017,46.4062,-122.5897
-20.066668,148.86667,5.04699,119.743,61.594914,-149.088711,4.204117,34.348186,29.607333,-95.15875,-20.066668,148.86667
-15.248289,-146.616708,54.079069,9.941719,65.7206,-14.8506,-44.016667,-70.466667,48.170167,17.212667,-15.248289,-146.616708
60.3714,-166.271,40.7425,-73.971944,18.251464,-71.1204,30.427803,-86.689278,6.039389,37.590453,60.3714,-166.271
40.8752222,-74.2813611,44.257526,-88.507576,-41.123299,172.988998,68.7406,161.338,1.589189,-75.564372,40.8752222,-74.2813611
30.189689,78.180256,-0.975,-62.923889,39.813786,-82.927822,41.1357778,-77.4223056,25.8488611,-81.3902778,30.189689,78.180256
44.194753,12.070094,19.732989,-72.194739,32.857,103.683,25.649444,100.319444,-3.982688889,39.73089722,44.194753,12.070094
24.629417,-75.673775,49.472706,8.514264,-0.716944,-48.522778,-42.932808,-72.699114,28.9189,111.64,24.629417,-75.673775
66.8175,-161.022222,56.295556,-158.401398,39.775,64.483333,22.897112,-102.68689,-3.416667,10.65,66.8175,-161.022222
41.8744017,-71.0166453,-6.569828,146.726242,28.234922,-80.610125,11.227628,125.027758,50.202978,12.914983,41.8744017,-71.0166453
40.826667,47.7125,32.343947,-86.987803,-20.2492,169.771,-2.69717,141.302,14.146881,-16.051297,40.826667,47.7125
-21.008083,31.57855,-33.392975,-70.785803,60.593333,16.951389,43.151444,25.712889,44.913055,9.723333,-21.008083,31.57855
18.198806,-76.534528,61.85605,24.7866,13.04955,109.333706,-7.532222,-63.072222,24.315292,-75.452331,18.198806,-76.534528
48.608612,-68.208056,55.990122,8.353906,50.11,14.439444,43.60733333,-110.73775,24.5,44.4,48.608612,-68.208056
8.951322,125.477972,24.575834,-81.688889,-24.602333,24.690971,39.775,64.483333,49.479633,8.469858,8.951322,125.477972
66.2496,-166.089,-8.93611,-139.552,35.512778,134.786944,53.7828,7.91389,7.56535,168.962,66.2496,-166.089
66.912222,-156.897222,78.246111,15.465556,-21.8956,-157.905,35.2368,-120.642,50.330278,-105.559167,66.912222,-156.897222
53.504833,8.053333,48.3693,7.82772,21.180406,81.738753,48.109853,7.359011,-0.693342,73.1556,53.504833,8.053333
61.371111,-139.040556,-15.667144,46.351828,4.089192,9.360528,45.505278,12.351944,-31.144167,136.816944,61.371111,-139.040556
47.723303,-2.718561,21.221192,105.807178,4.819808,-52.360447,-10.8206,-65.3456,26.471161,49.79789,47.723303,-2.718561
5.76667,-56.63333,35.964347,-89.943956,62.154888,-145.456639,20.464744,45.619644,-21.159597,27.474525,5.76667,-56.63333
32.987778,-97.318889,-21.481678,168.037508,41.504094,-74.104839,-13.789378,33.781,20.504275,45.199556,32.987778,-97.318889
32.325,15.061,51.478506,7.222781,15.405944,108.705889,62.047811,14.42295,36.266108,120.374436,32.325,15.061
42.569583,27.515236,54.610833,-97.760278,52.648353,0.550692,49.296389,-117.6325,33.6228889,-111.9105278,42.569583,27.515236
28.321389,129.928056,8.7163,39.0059,22.813211,86.168844,38.486778,-121.102778,54.3089,8.68694,28.321389,129.928056
-35.262779,173.911944,14.847256,-12.468264,44.691431,33.57567,30.605067,130.991231,52.104,0.166,-35.262779,173.911944
51.878,-176.646,12.887947,-61.180161,25.0882,104.9587,-23.079861,-134.890333,15.468958,-90.406742,51.878,-176.646
28.189158,113.219633,47.464714,-0.556405,37.41362,-121.49133,7.337081,81.625881,35.886592,71.800578,28.189158,113.219633
52.2825,-81.6778,47.706944,-104.1925,39.7079,-77.7295,3.819628,-76.989767,49.393333,8.6525,52.2825,-81.6778
20.617289,-100.185658,-5.121389,-60.380556,-13.328,166.638,30.715694,-96.331361,5.163333,-59.483333,20.617289,-100.185658
39.299722,-114.841944,45.927778,-89.730833,28.398,-81.57,51.234139,-0.942825,41.6396983,-85.0834933,39.299722,-114.841944
45.623403,126.250328,42.1905278,-71.1729444,59.5614,-108.481,-12.910994,-38.331044,4.313369,118.121953,45.623403,126.250328
53.74,91.385,51.765,-0.24833,-16.444378,-151.751286,33.5114,6.77679,39.642908,-79.916314,53.74,91.385
50.731944,7.096944,2.075639,11.493195,53.8492,-89.5794,-23.926089,29.484422,-18.8,45.283,50.731944,7.096944
-28.0497,148.595,-51.533333,-72.3,40.128082,32.995083,34.78715,-1.923986,48.0538086,-122.8106436,-28.0497,148.595
43.095906,12.513222,-2.920192,132.267031,-0.122956,-76.33775,9.547794,100.062272,-7.148381,-34.950681,43.095906,12.513222
61.700566,-157.165833,27.403192,89.424606,-9.362411,-40.569097,-44.722222,169.245556,49.6942,-124.518,61.700566,-157.165833
-7.41694,155.565,-36.542317,-56.721756,50.901389,4.484444,52.473025,13.403944,40.03925,-88.278056,-7.41694,155.565
36.237611,43.963158,31.904908,54.276503,55.8622,-4.2512,15.0122004,-91.1505966,6.040278,171.984444,36.237611,43.963158
55.012622,82.650656,-15.119617,-148.230697,38.049719,-103.509431,37.706444,-112.145806,3.235369,19.771258,55.012622,82.650656
35.401094,35.948681,-22.0578,148.077,38.343175,26.140572,-3.982688889,39.73089722,40.4701667,-81.4199444,35.401094,35.948681
38.806346,-77.0621,34.875117,33.62485,11.968722,79.810058,-7.228333,-48.240833,-0.946078,-80.678808,38.806346,-77.0621
25.218106,110.039197,64.579083,16.833575,10.01855,34.586253,66.039167,-154.264722,-34.7022,146.512,25.218106,110.039197
-10.7203,165.795,49.984428,11.638569,41.6761,-70.9569,53.7828,7.91389,-11.769167,130.619722,-10.7203,165.795
-17.4567,140.83,8.288528,-62.760361,42.5512,-94.191842,52.1273,5.27619,52.1956,-87.9342,-17.4567,140.83
16.966667,-88.216667,49.650106,-1.470281,47.682819,-117.322558,46.169689,3.403736,-1.416753,120.657669,16.966667,-88.216667
66.913944,-151.529056,48.4839,-122.938,43.064167,-108.459722,46.398308,-94.138078,-16.519761,28.884981,66.913944,-151.529056
61.461686,21.799983,16.89611,99.25361,29.7333,118.256,13.410666,103.81284,33.6316964,-85.1522641,61.461686,21.799983
18.103419,-94.580681,2.050278,173.266667,41.3715353,-73.4821906,-25.318889,152.880278,53.319168,-60.425833,18.103419,-94.580681
47.312189,-2.149181,40.727,-99.0068,65.952328,-17.425978,28.9189,111.64,-23.441667,151.911389,47.312189,-2.149181
60.939167,-164.641111,8.951322,125.477972,18.444834,-64.542975,-0.910206,-89.61745,-4.081608,122.418231,60.939167,-164.641111
53.214167,-105.672778,-21.713057,122.21222,47.589583,7.529914,30.939053,-6.909431,4.872006,31.601117,53.214167,-105.672778
-45.533056,167.65,11.222,169.852,34.829164,-77.612139,48.942501,-97.240833,51.7506,36.2956,-45.533056,167.65
45.395706,10.888533,0.0226,18.288744,-12.678611,141.925278,43.54205,6.953478,37.682717,26.347061,45.395706,10.888533
31.779628,-103.201361,-8.560708,116.094656,60.8186,-78.1486,51.1031,-114.374,32.3691,-85.2604,31.779628,-103.201361
16.966667,-88.216667,-34.9433,117.809,34.0131569,-84.5970556,48.4174,39.3741,-5.845,142.948,16.966667,-88.216667
6.922419,122.059633,-17.39,123.68,66.9513,-53.7293,10.889589,-74.780819,51.450139,5.374528,6.922419,122.059633
29.179917,-81.058056,1.41695,103.867653,13.584886,123.270239,18.451111,-66.675556,-25.5133,152.715,29.179917,-81.058056
35.831708,-90.646417,42.908,-106.464417,-14.651667,49.620556,43.0410278,-88.2370556,9.511944,-75.586389,35.831708,-90.646417
14.794339,-92.370025,40.1570414,-75.8704892,9.66408056,123.853247,36.77394444,-90.3248611,44.254066,-121.149964,14.794339,-92.370025
4.191833,73.529128,9.430225,-64.470725,21.17383327,94.9246666,24.269033,97.246153,-31.571472,-68.418194,4.191833,73.529128
82.517778,-62.280556,64.043056,-139.127778,7.372222,113.841667,-13.05,-55.910833,44.684722,-79.929167,82.517778,-62.280556
-1.435,19.024,31.35775,-100.496306,26.888653,70.864967,6.106439,125.2353,38.508978,-122.81288,-1.435,19.024
-21.320039,55.423581,62.961334,-141.929136,55.225553,9.263931,7.927567,-72.511547,55.740322,9.151778,-21.320039,55.423581
-8.546553,125.524719,-18.3739,21.8326,-19.9705556,13.0244444,45.395767,11.847903,11.546556,104.844139,-8.546553,125.524719
3.633,31.75,18.6631,-74.1703,12.3072,76.6497,50.883333,-126.833333,-13.328,166.638,3.633,31.75
39.009167,-95.2175,-14.709544,-145.245814,39.9789,-75.8654,7.064758,171.272022,-31.083889,150.846667,39.009167,-95.2175
-25.405078,-49.232036,50.425394,127.412478,55.206061,-162.725436,58.4564,13.972672,-3.22931,40.1017,-25.405078,-49.232036
-14.862761,-40.863106,24.553422,39.705061,44.825279,0.518611,-34.9489,150.537,40.664203,-89.693258,-14.862761,-40.863106
5.382639,103.10336,45.738456,7.368719,31.068975,34.129194,65.131897,-13.7463999,-9.854722,161.979167,5.382639,103.10336
-40.904722,174.989167,-46.537911,-70.978689,48.447911,-4.418539,35.016667,135.766667,-17.8555,36.869106,-40.904722,174.989167
10.049258,98.538006,25.3181,68.3661,68.4913,16.678108,10.450333,-64.130472,54.509189,-1.429406,10.049258,98.538006
62.1794,-75.6672,26.355612,127.767633,57.167333,-170.220444,32.356353,36.259181,39.9750278,-81.5775833,62.1794,-75.6672
53.309166,-110.0725,63.75639,-68.555832,42.235,118.908,66.26666667,-128.65,56.0894,-96.0892,53.309166,-110.0725
60.8725,-146.691111,-38.039444,144.469444,50.223333,-66.265556,32.364042,-64.678703,11.679431,122.376294,60.8725,-146.691111
-19.1542,17.4357,51.189444,4.460278,34.051467,-6.751519,29.826683,121.461906,-23.8697,151.223,-19.1542,17.4357
40.79935,-74.4148747,36.909908,50.679589,-12.808878,15.760547,-18.231944,-43.650278,42.524722,-75.064444,40.79935,-74.4148747
18.103419,-94.580681,44.413333,8.8375,-2.627778,-56.735833,38.1740858,-85.7364989,-30.528056,151.617222,18.103419,-94.580681
-46.4333,-67.5333,14.662639,49.375028,22.811461,5.451075,28.626478,-17.755611,70.4673,-157.436,-46.4333,-67.5333
50.077731,19.784836,48.353783,11.786086,59.754356,-154.910961,55.4753,65.4156,9.14444,18.3744,50.077731,19.784836
18.460731,94.300119,-19.765,-47.964778,24.556111,-81.759556,25.053814,-78.048997,37.907058,-85.972106,18.460731,94.300119
65.331389,-166.465833,53.535886,9.837025,-3.416667,119.916664,-22.119722,48.021667,37.785567,29.701297,65.331389,-166.465833
23.843333,90.397781,55.042778,-7.161111,37.7401,-87.1668,47.398,-120.206,34.2681,-88.7699,23.843333,90.397781
7.361828,-2.328756,8.095969,98.988764,20.993464,-101.480847,14.794339,-92.370025,52.1956,-87.9342,7.361828,-2.328756
39.122413,-108.526735,-2.5,175.983333,40.718694,-114.030889,43.653056,-79.383056,62.18,6.0742,39.122413,-108.526735
-21.7915,-43.386778,56.351944,-133.6225,53.300175,-8.941592,49.446,11.081944,1.615994,16.037917,-21.7915,-43.386778
52.358889,-97.018333,23.375833,104.243056,35.177103,-3.839525,47.6875,26.354056,44.413333,8.8375,52.358889,-97.018333
43.670833,142.4475,35.059364,-118.151856,22.336164,73.226289,36.9261,-111.4483,-20.538611,-47.400833,43.670833,142.4475
35.401094,35.948681,48.751922,2.106189,54.304722,-110.741111,9.767333,1.09125,24.428333,54.458084,35.401094,35.948681
63.05065,21.762175,43.683917,10.39275,49.788334,-94.363056,32.609139,-82.369944,45.8425,-81.8575,63.05065,21.762175
22.654739,88.446722,41.874,-103.596,-32.5625,149.611,29.215429,-99.748962,-28.7961,114.707,22.654739,88.446722
25.8488611,-81.3902778,51.571389,0.695556,-25.23985,-57.519133,55.858,-4.258,44.745834,-81.107222,25.8488611,-81.3902778
52.026317,113.305556,37.4611111,-122.1150556,54.634133,25.285767,42.7427778,-86.1078333,-17.8,-63.166667,52.026317,113.305556
43.862221,-79.37,32.541064,-116.970158,10.450333,-64.130472,-10.2083,142.825,13.847,20.844333,43.862221,-79.37
21.833,-71.817,-30.789444,121.461667,59.966944,-154.851667,8.539617,99.944725,-34.9489,150.537,21.833,-71.817
0.0226,18.288744,26.723536,8.622653,5.636919,10.750817,63.732757,-148.91129,-22.921667,-42.074167,0.0226,18.288744
37.625817,-120.954422,27.403192,89.424606,-9.00667,-158.037,29.1804,-81.06497,39.055275,-96.764453,37.625817,-120.954422
36.857214,117.215992,11.414867,-69.681656,-9.400878,-38.250575,28.0575,-81.7628056,63.616389,-135.868333,36.857214,117.215992
-18.7694,169.001,30.854681,75.952592,4.221583,15.786369,6.289061,-10.758722,-24.6863,-53.6975,-18.7694,169.001
40.7425,-73.971944,34.185361,-79.723889,68.1336,-151.743,61.5363,-160.341,28.430633,129.712542,40.7425,-73.971944
-10.7203,165.795,-41.518333,173.870278,49.04,11.081944,39.9789,-75.8654,48.725278,2.359444,-10.7203,165.795
-22.157778,-49.068333,38.5912,-92.1561,28.209028,33.645517,-24.6863,-53.6975,70.485278,-21.966667,-22.157778,-49.068333
70.762778,-117.806111,56.006111,-160.560833,37.131894,-76.492989,39.9789,-75.8654,-1.319167,36.9275,70.762778,-117.806111
-0.453758,-90.265914,-16.6625,139.178,6.039239,10.122639,7.372222,113.841667,39.085386,-76.759414,-0.453758,-90.265914
-12.083333,-45,-5.930858,12.351789,51.432447,12.241633,40.3785,-75.9652,34.120285,-119.12094,-12.083333,-45
68.362586,23.424322,47.490244,-122.764814,43.0410278,-88.2370556,22.25665,84.814567,7.337081,81.625881,68.362586,23.424322
42.87,41.12,13.614892,25.32465,60.790278,-161.443611,53.391186,7.227408,9.792331,80.070089,42.87,41.12
19.897914,102.160764,-32.89715,27.279111,58.096111,-68.426944,34.905417,-117.883739,20.2573,100.437,19.897914,102.160764
41.1783,-78.8987,36.776194,-119.71814,32.0708,120.976,-18.465861,-136.439706,-13.154819,-74.204417,41.1783,-78.8987
53.889444,-122.678889,-18.8952,-41.9822,-28.6136,122.424,41.542436,12.909019,12.4905,106.055,53.889444,-122.678889
28.9189,111.64,32.3911,105.702,38.069694,-102.6885,61.594914,-149.088711,40.7815556,-82.9748056,28.9189,111.64
-19.1542,17.4357,-27.449986,-59.056125,33.073386,-16.349975,-17.4761,43.9728,46.283333,48.006278,-19.1542,17.4357
47.436933,19.255592,9.430225,-64.470725,49.173333,-0.45,66.145,-65.713611,21.221192,105.807178,47.436933,19.255592
35.542444,-0.532278,5.029597,-75.464708,52.1206,-101.236,41.7033,-86.8211,42.6149167,-88.3895833,35.542444,-0.532278
27.849339,-82.521214,-17.652283,-39.253069,36.078611,106.216667,66.256708,-145.815319,59.3517,-2.90028,27.849339,-82.521214
60.716667,77.65,29.950833,-94.020694,45.6576,-120.9664,-6.878111,39.202625,65.566667,-37.1166667,60.716667,77.65
40.147275,44.395881,29.529675,-98.2789,33.511306,126.493028,-1.37925,-48.476292,29.475686,60.906189,40.147275,44.395881
54.383333,13.325278,-3.368183,135.496406,43.352072,77.040508,33.3,131.5333,44.118889,-77.528056,54.383333,13.325278
51.148056,-0.190278,41.248055,-8.681389,54.268299,48.2267,58.990756,22.830733,44.024983,-88.551336,51.148056,-0.190278
45.929233,6.098764,27.155831,77.960892,39.056667,26.598333,41.377874,-79.860362,35.492222,133.236389,45.929233,6.098764
66.888056,-157.1625,40.4123056,-86.9368889,34.1758638,-83.5615972,45.316111,-65.890278,35.810972,-83.994028,66.888056,-157.1625
43.2981,45.7841,13.716667,-84.776944,34.2835833,-80.5648611,22.379528,-73.0135,30.939053,-6.909431,43.2981,45.7841
6.254494,81.235189,39.6546,43.0271,-22.938,-48.467,38.8336,65.9215,23.370833,119.494444,6.254494,81.235189
62.894444,-160.065,36.978333,8.876389,9.340853,-82.250842,-11.885,-55.586,63.111781,7.824522,62.894444,-160.065
65.461111,12.2175,6.202917,-77.394675,20.451322,121.979883,23.266667,119.666667,42.067806,24.850833,65.461111,12.2175
30.700556,51.545,-21.171667,149.179722,40.434811,-76.569411,52.429722,-114.904167,32.8399,-105.991,30.700556,51.545
-22.93235,-43.719092,2.818183,104.160019,-25.798444,25.548028,40.976922,28.814606,49.911,10.9,-22.93235,-43.719092
37.174917,-5.615944,45.54937,-122.401253,51.966667,85.833333,-2.585361,-44.234139,26.224153,120.00275,37.174917,-5.615944
40.648094,-86.152119,67.380537,53.051016,52.1872,-7.086964,7.833,168.167,42.552664,9.483731,40.648094,-86.152119
14.551322,46.826183,8.62876,-79.0347,35.140318,-111.6692392,7.767,-12.383,46.1792,-1.19528,14.551322,46.826183
62.0954,-163.682,41.791,-111.852,32.1651,76.2634,28.062778,-81.753333,56.230119,43.784042,62.0954,-163.682
41.448528,-90.507539,46.8933,75.005,64.73495,177.741483,54.3795,10.145167,-3.14604,-59.9863,41.448528,-90.507539
42.364347,-71.005181,53.5247,-88.6428,47.485033,9.560775,28.335192,46.125069,-30.3192,149.827,42.364347,-71.005181
34.272627,-83.8302233,-22.979167,-46.5375,-30.0392,145.952,-53.002642,-70.854586,-7.532222,-63.072222,34.272627,-83.8302233
38.508978,-122.81288,12.4102,-16.746125,49.073889,-123.0075,13.157064,123.746247,36.362778,36.282222,38.508978,-122.81288
-3.667,142.483,3.421,115.154,39.809858,30.519378,43.5793603,-90.8964742,19.436303,-99.072097,-3.667,142.483
54.142208,37.355619,-4.034833,39.59425,5.811111,-55.190833,-22.05835,27.828767,38.747769,41.661236,54.142208,37.355619
25.02694,55.36611,36.587183,-115.673353,23.188811,94.051094,14.103886,98.203636,32.011389,34.886667,25.02694,55.36611
-28.1,140.2,43.165527,-95.202805,-18.074814,-140.945886,62.534689,114.038928,43.9911389,-70.9478889,-28.1,140.2
-17.832875,25.1624,60.3217,-1.69306,34.3767,109.12,41.5843,60.6417,-12.910994,-38.331044,-17.832875,25.1624
43.302061,-8.377256,15.25,97.85,28.865,115.9,76.4261,-82.9092,40.826667,47.7125,43.302061,-8.377256
-4.326689,15.327342,44.56666667,38.01666667,45.499722,-73.566111,-17.0903,168.343,40.976922,28.814606,-4.326689,15.327342
40.0798,-83.073,16.444747,97.660669,38.755,-109.754722,8.616444,-13.195489,-23.079861,-134.890333,40.0798,-83.073
7.89129,-11.1766,-0.468611,39.649444,-21.664039,-49.730519,65.952328,-17.425978,22.754986,121.101681,7.89129,-11.1766
23.370833,119.494444,15.229539,103.253231,-31.296944,-57.996631,42.569583,27.515236,51.432447,12.241633,23.370833,119.494444
59.4447,13.3374,17.997,-92.817361,10.278728,-68.755211,39.410556,-88.845556,30.037758,-91.883896,59.4447,13.3374
39.895,8.6383,54.824722,-127.182778,35.39919,-84.56177,36.587183,-115.673353,36.579886,26.375822,39.895,8.6383
62.560372,6.110164,40.317972,27.977694,30.5822,117.0502,59.5358,-1.62806,47.464714,-0.556405,62.560372,6.110164
-23.4342,144.28,38.806346,-77.0621,13.071783,42.645006,18.475,-69.975,45.470556,-73.740833,-23.4342,144.28
13.440947,-89.055728,51.2117,-58.6583,17.9023,-62.8324,40.7815556,-82.9748056,55.0375,-1.691667,13.440947,-89.055728
38.285981,-76.411781,29.179917,-81.058056,49.710833,-124.886667,20.6827,101.994,38.948,-76.8719,38.285981,-76.411781
43.215978,2.306317,-21.159597,27.474525,-34.040278,150.687222,53.300175,-8.941592,17.6358,-61.8286,43.215978,2.306317
35.5925,-113.4859,34.900872,-76.880733,59.960833,-162.881111,16.965997,8.000114,-36.3006,148.974,35.5925,-113.4859
42.1953611,-89.0972222,21.180406,81.738753,35.177103,-3.839525,53.900139,-166.5435,41.236,-110.2436,42.1953611,-89.0972222
-0.067,37.033,-5.121389,-60.380556,42.608333,-82.8355,60.4749583,-151.0382389,38.781311,-9.135919,-0.067,37.033
-31.390528,-54.112244,-4.183333,121.61667,48.0411,10.715,-24.9415,31.4446,47.5489,9.688,-31.390528,-54.112244
40.317972,27.977694,-14.651667,49.620556,53.1106,45.0211,51.189444,4.460278,42.357628,-3.620764,40.317972,27.977694
14.753,42.976336,-21.8956,-157.905,-5.875556,29.25,44.108269,15.346697,53.574444,-0.350833,14.753,42.976336
60.254558,25.042828,34.0131569,-84.5970556,-7.645056,109.033911,20.680083,-105.254167,36.820703,-76.033542,60.254558,25.042828
-17.6731,177.098,-22.018431,35.313297,20.936981,-89.657672,26.072583,-80.15275,-17.269,-178.976,-17.6731,177.098
43.582014,-96.741914,40.509,-122.293389,3.867,115.683,14.146881,-16.051297,28.102753,-80.645258,43.582014,-96.741914
49.566667,117.329444,38.942778,-76.568333,15.405944,108.705889,-37.7456,140.785,61.213544,-149.844447,49.566667,117.329444
48.196667,16.337778,-22.119722,48.021667,41.4785556,-73.13525,38.889444,-79.857139,41.4297,129.6488,48.196667,16.337778
0.835578,112.937144,49.231528,18.6135,25.218106,110.039197,37.6939167,-97.2149167,35.035278,-85.203808,0.835578,112.937144
-23.478,-47.49,-8.28239,-36.0135,15.119003,145.729356,-20.6683,141.723,59.4447,13.3374,-23.478,-47.49
41.924416,9.406,45.695,-118.841389,44.257526,-88.507576,38.726425,30.601114,4.758181,-75.955753,41.924416,9.406
36.744622,-6.060111,-8.525,30.663,-23.441667,151.911389,38.298416,-77.456875,1.253664,-70.233878,36.744622,-6.060111
54.3795,10.145167,50.431944,-104.665833,-24.602333,24.690971,11.030031,77.043383,9.340797,-70.584089,54.3795,10.145167
47.211111,-93.509722,20.785589,-76.315108,38.86111,40.5925,27.392639,-109.833111,44.745834,-81.107222,47.211111,-93.509722
54.5797,18.5172,27.692701,-97.290376,11.95,50.733,-1.574733,9.262694,36.022586,-102.547278,54.5797,18.5172
37.505167,-77.319667,16.2969,-61.0844,60.432778,-1.296111,-16.466749,179.33986,27.093056,-112.098889,37.505167,-77.319667
20.165453,94.941185,47.966944,-84.786389,19.475083,-96.797506,40.9675,-98.3096,7.57212,80.43412,20.165453,94.941185
32.2243611,-80.6974722,49.650106,-1.470281,43.1316111,-115.7305671,-0.352808,102.334917,38.86111,40.5925,32.2243611,-80.6974722
64.285472,27.692414,-8.033333,-49.98,41.7440278,-72.1802222,43.5917,104.43,-3.8637,102.339036,64.285472,27.692414
-29.197064,-51.187536,41.5769708,-73.7323514,46.701944,-1.378625,38.889444,-79.857139,-2.64505,37.2531,-29.197064,-51.187536
46.842091,-92.193649,11.030031,77.043383,50.6071,26.1416,40.9846,71.5567,70.330833,-149.5975,46.842091,-92.193649
40.995108,39.789728,-10.633611,-51.567222,49.31,4.05,36.1108806,-109.5754222,63.111781,7.824522,40.995108,39.789728
27.315,87.193333,48.3693,7.82772,29.9766667,-99.0854722,48.537777,-2.854445,53.353744,-2.27495,27.315,87.193333
6.916667,-71.9,-24.95841,153.3145,52.16575,20.967122,27.8938056,-81.6203889,60.293386,5.218142,6.916667,-71.9
-25.4131,142.667,55.944444,12.869444,18.099914,-63.047197,-5.035767,18.785631,-6.336964,106.764561,-25.4131,142.667
43.433056,83.380278,-2.532242,133.438894,21.702156,95.977928,-12.678611,141.925278,21.834689,-82.783819,43.433056,83.380278
-24.9415,31.4446,44.880833,-63.50861,17.747222,-64.705,17.988558,-76.823761,33.479444,131.737222,-24.9415,31.4446
39.710203,39.527003,12.168611,-83.0675,58.603056,125.407222,44.891388,2.421944,35.623858,-0.621183,39.710203,39.527003
13.502531,7.126753,53.309166,-110.0725,58.185556,-157.375556,24.5033833,52.3360528,40.094,94.4818,13.502531,7.126753
2.579694,-72.639358,35.339719,25.180297,30.407278,-89.070111,57.779722,-135.218333,15.387494,36.328842,2.579694,-72.639358
11.057997,124.565322,41.5349167,-87.5295278,27.910167,-82.687389,10.155556,76.391389,43.8269,-66.0881,11.057997,124.565322
44.828335,-0.715556,-24.113333,152.715278,61.6866,27.201794,-19.007083,-65.288747,35.335508,75.536047,44.828335,-0.715556
19.282067,166.636444,8.53333,-83.3,50.291944,-107.690556,44.9101111,-67.0126944,36.793335,27.091667,19.282067,166.636444
41.586806,-83.807833,33.3334,69.952,57.55,-153.75,40.56,109.997,41.391667,-70.615278,41.586806,-83.807833
-34.040278,150.687222,37.7873,-81.1242,-31.8886,152.514,68.304167,-133.482778,59.589444,16.633611,-34.040278,150.687222
63.030556,-163.532778,6.231989,-62.854433,-11.361789,40.354875,-11.885,-55.586,58.4719,-78.0769,63.030556,-163.532778
-33.924444,150.988333,22.813211,86.168844,69.055758,18.540356,-40.7512,-65.0343,48.4174,39.3741,-33.924444,150.988333
11.679431,122.376294,32.5356,74.3639,48.755278,-86.344444,21.17383327,94.9246666,0.042386,32.443503,11.679431,122.376294
35.899904,-113.815674,18.456828,-66.098139,9.188049,105.174721,-7.583,141.317,43.39383,-70.708,35.899904,-113.815674
3.558056,98.671722,21.397481,103.007831,4.204117,34.348186,46.1608,8.87861,-24.903889,152.318611,3.558056,98.671722
-23.824417,30.329306,43.5917,104.43,49.055556,-117.609167,42.9098,-112.596,-9.953569,33.893022,-23.824417,30.329306
39.784138,30.582111,46.9694044,-122.9025447,35.617108,-106.089422,51.432447,12.241633,6.05367,121.011,39.784138,30.582111
-3.667,142.483,35.255,136.924,12.3072,76.6497,19.4336,37.2341,5.516667,-54.05,-3.667,142.483
32.337472,-104.263278,55.042778,-7.161111,41.586806,-83.807833,-18.8783,169.308,30.473425,-87.186611,32.337472,-104.263278
9.66408056,123.853247,-0.141144,-78.488214,35.331389,-77.608889,-3.776283,-38.532556,-8.35,146.983,9.66408056,123.853247
-40.9989,145.731,15.742481,-86.853036,-38.949,-68.155711,20.396331,-76.621494,33.993911,71.514581,-40.9989,145.731
45.868889,-66.537222,31.234014,-94.75,50.113889,-91.905278,-32.7033,151.488,-24.113333,152.715278,45.868889,-66.537222
61.015556,9.288056,43.757444,4.416347,39.092169,-28.029847,-7.148381,-34.950681,5.032247,118.324036,61.015556,9.288056
40.718694,-114.030889,-29.041625,167.938742,42.78175,-71.5147778,11.95,50.733,29.950833,-94.020694,40.718694,-114.030889
38.139722,140.916944,38.0365,-84.605889,36.524,114.43,24.95764,46.698776,39.736667,-75.551667,38.139722,140.916944
-21.812,-48.133028,33.301556,-104.530556,68.534444,-89.808056,9.38639,34.5219,39.5022607,-84.7843814,-21.812,-48.133028
-21.0864,-44.2258,-19.2525,146.765278,-14.657583,17.719833,42.17,-112.289,37.00028,35.41833,-21.0864,-44.2258
-8.12639,157.143,20.960556,101.4025,48.4174,39.3741,27.335156,68.143053,10.696025,7.320114,-8.12639,157.143
-21.141342,-50.424722,47.211111,-93.509722,64.23,-76.526667,33.479444,131.737222,50.2395,66.941,-21.141342,-50.424722
60.8725,-146.691111,30.410425,-88.924433,-22.157778,-49.068333,28.228056,-82.155833,-8.748169,115.167172,60.8725,-146.691111
-3.29472,116.165,38.7364361,-112.0989444,4.233333,-55.45,49.710833,-124.886667,-28.243989,-52.326558,-3.29472,116.165
32.8262222,-116.9724444,36.2993,32.3014,-23.383369,43.728453,-20.663889,139.488611,-2,-77,32.8262222,-116.9724444
58.40615,15.680508,52.195,77.073889,42.95392,-85.3439058,43.658411,7.215872,20.993464,-101.480847,58.40615,15.680508
3.5939,72.8834,46.290001,-63.121111,37.325314,49.605817,26.471161,49.79789,24.432972,54.651138,3.5939,72.8834
44.364722,-78.783889,36.274258,23.016978,45.617,84.883,43.54205,6.953478,-3.04361,152.629,44.364722,-78.783889
-9.91667,144.055,58.676778,-156.649278,-17.931806,31.092847,-42.932808,-72.699114,36.394611,136.406544,-9.91667,144.055
-0.918542,119.909642,-8.199999809,147.8500061,48.755278,-86.344444,-43.489358,172.532225,53.228611,5.760556,-0.918542,119.909642
18.3127,-65.3034,37.325472,-79.975417,40.995108,39.789728,59.128056,-156.858611,37.689999,26.911667,18.3127,-65.3034
41.4297,129.6488,42.5571,-92.4003,31.795281,-116.602772,33.562942,-86.75355,61.5239,-166.147,41.4297,129.6488
30.151695,9.715305,-14.4281,-146.257,39.603606,47.8815,60.7472,-0.85385,48.608353,-112.376144,30.151695,9.715305
40.926389,107.738889,66.645,-143.74,-0.975,-62.923889,-25.318889,152.880278,-36.1429,175.2819,40.926389,107.738889
24.75995,93.896697,42.896333,-8.415144,0.933333,173,38.519894,-28.715872,43.139858,-89.337514,24.75995,93.896697
48.425158,10.931764,9.639828,8.86905,62.6467,-160.191,25.083,-77.3,27.335156,68.143053,48.425158,10.931764
-4,144,38.435347,38.091006,39.696388,20.8225,50.78,-1.8425,-38.724967,-62.169317,-4,144
41.5175,-81.683333,6.08333,171.733,50.182777,-86.696388,66.590753,66.611042,18.570103,-11.423547,41.5175,-81.683333
36.127777,29.566656,37.953759,-107.90848,-44.67333,167.92333,-37.866661,175.332056,51.478506,7.2222,36.127777,29.566656
9.071364,-79.383453,-10.848056,162.454167,35.96666666,-112.1333333,11.546556,104.844139,31.325356,27.221689,9.071364,-79.383453
50.517385,1.620587,39.111389,30.13,-15.652931,-56.116719,41.0358717,-75.1606789,53.918167,12.278333,50.517385,1.620587
56.295556,-158.401398,33.93,131.278611,-6.43833,20.7947,47.312189,-2.149181,6.916667,-71.9,56.295556,-158.401398
-19.8517,-43.9508,7.833,168.167,46.5682,-120.544,-38.3181,141.471,34.916944,-92.149722,-19.8517,-43.9508
-18.75,46.05,45.540394,-122.949825,53.583333,142.933333,33.9486,-83.3263,34.900872,-76.880733,-18.75,46.05
23.746603,92.802767,-0.141144,-78.488214,40.851422,111.824103,28.753333,80.581944,17.683611,-88.045,23.746603,92.802767
21.752206,72.185181,68.833336,-51,63.457556,10.92425,55.042436,-131.572233,52.166139,4.417944,21.752206,72.185181
41.6163,-87.4128,36.266108,120.374436,41.76888,-72.6815,43.118866,-77.672389,60.949272,76.483617,41.6163,-87.4128
-8.849294,121.660644,27.8033,114.3081,-7.379831,112.786858,57.0688,8.705225,-21.875,-47.904,-8.849294,121.660644
20.89865,-156.430458,3.974,115.618,53.771667,-3.028611,40.989167,-76.0025,62.24,-92.5981,20.89865,-156.430458
15.185833,120.560278,40.4818056,-111.4288056,4.253206,20.975283,62.071111,-142.048333,42.082022,-80.176217,15.185833,120.560278
35.7997,107.603,48.625247,17.828444,40.9675,-98.3096,43.60733333,-110.73775,33.879067,-5.515125,35.7997,107.603
9.430225,-64.470725,5.636919,10.750817,27.517,86.6,5.7435,73.3249,64.301203,-149.120144,9.430225,-64.470725
68.223333,-135.005833,4.398475,18.518786,39.542922,76.019956,-12.4989,135.806,-14.216111,-169.423611,68.223333,-135.005833
-7.516089,110.756892,-18.3367,130.638,44.364722,-78.783889,46.587745,0.306666,-14.278611,50.174721,-7.516089,110.756892
-5.8,144.44,31.972703,35.991569,-15.355278,-38.998889,37.6939167,-97.2149167,34.8989,-120.457,-5.8,144.44
-15.412,167.691,41.76888,-72.6815,9.160556,-10.124443,11.546556,104.844139,25.218106,110.039197,-15.412,167.691
39.428611,141.135278,30.673469,76.788542,41.4785556,-73.13525,57.161389,-154.229722,38.755,-109.754722,39.428611,141.135278
23.15185,-109.721044,26.538522,106.800703,7.337081,81.625881,39.1006,-77.09576,33.96889877,-112.7990036,23.15185,-109.721044
-11.885,-55.586,69.2511,-53.5381,44.256944,-76.536943,52.5912,10.022133,38.486778,-121.102778,-11.885,-55.586
27.253117,86.670044,-0.874989,100.351881,64.930061,25.354564,43.111187,-76.106311,40.8752222,-74.2813611,27.253117,86.670044
52.648353,0.550692,44.362222,28.488333,41.961622,21.621381,-34.75,137.933,34.08525,-117.146388,52.648353,0.550692
9.071364,-79.383453,48.854167,103.484167,5.300683,115.250181,32.7081,108.931,51.5031,-0.1147,9.071364,-79.383453
-16.333,168.283,25.417108,-77.88085,38.285981,-76.411781,34.3767,109.12,19.426447,93.534836,-16.333,168.283
43.468419,-1.523325,41.4673056,-84.5067778,42.5512,-94.191842,-44.016667,-70.466667,42.1561,-121.733,43.468419,-1.523325
48.587683,-2.079958,46.2508,-84.4724,58.204214,8.085369,42.359392,19.251894,41.6959744,-88.1292306,48.587683,-2.079958
-37.648889,142.065278,64.960894,17.696583,53.865897,-1.660569,28.586,81.636,-41.592,-65.341,-37.648889,142.065278
51.4775,-0.461389,44.741445,-85.582235,-8.033333,-49.98,-25.59615,-54.487206,-15.778056,128.7075,51.4775,-0.461389
48.7793,8.08048,50.979811,10.958106,-12.613611,-69.228611,44.547019,7.623217,56.070556,23.558056,48.7793,8.08048
-14.184444,-169.67,40.750369,43.859342,0.583,115.6,51.5175,-109.180833,27.155831,77.960892,-14.184444,-169.67
9.498911,138.082497,29.1725,-82.224167,18.133333,55.266666,36.6749,-4.499106,50.6438,36.5901,9.498911,138.082497
-12.0944,134.894,46.1633,100.704,46.460194,11.326383,-2.1622,106.139064,-38.766819,-72.637097,-12.0944,134.894
66.521389,-86.224722,-1.677203,29.258875,63.05065,21.762175,-6.27111,150.331,37.558311,126.790586,66.521389,-86.224722
20.6827,101.994,-0.086139,34.728892,27.849339,-82.521214,14.999203,145.61935,38.076944,-78.944167,20.6827,101.994
53.5789,-113.5307,52.475,13.139,12.829542,45.028792,-21.441558,47.111736,19.9336,-72.8486,53.5789,-113.5307
-18.634,146.5,27.770361,-97.501222,34.265556,-110.005556,-23.444478,-70.4451,24.556111,-81.759556,-18.634,146.5
11.6335,108.952,48.783611,9.181667,56.0189,-87.6761,40.734722,140.690833,59.968889,-141.661667,11.6335,108.952
54.083333,-4.623889,36.857214,117.215992,33.6228889,-111.9105278,38.8016111,-123.5306389,-31.945183,-65.146283,54.083333,-4.623889
-0.468611,39.649444,55.131111,-131.578056,43.041,144.193,33.3334,69.952,-22.1892,29.1269,-0.468611,39.649444
69.055758,18.540356,-27.385839,-55.970728,48.542983,-109.762342,61.579167,-159.215556,33.301556,-104.530556,69.055758,18.540356
51.231978,21.124183,44.145042,-103.103567,47.966944,-84.786389,45.034689,39.170539,37.618972,-122.374889,51.231978,21.124183
47.5603,-0.312222,-15.8711,-47.918625,59.5614,-108.481,-20.712222,116.773333,-23.476392,-52.016406,47.5603,-0.312222
-23.383369,43.728453,32.687528,-103.217028,37.303,-108.628056,37.7563333,-120.8001944,42.234875,-85.552058,-23.383369,43.728453
31.991667,44.404167,34.4713056,-97.9598611,-0.352808,102.334917,7.1,171.233333,58.1042,38.9294,31.991667,44.404167
-7.00992,141.494,4.35,-54.41667,11.160056,-4.330969,-3.286069,103.8796,-28.741039,32.092111,-7.00992,141.494
3.235369,19.771258,24.782833,125.295111,53.768612,8.644722,33.987139,74.77425,38.049719,-103.509431,3.235369,19.771258
34.72999954,-112.0350037,47.75,10.601,41.143353,-85.152778,5.966667,80.683333,48.634278,22.263356,34.72999954,-112.0350037
29.3447,120.032,51.933334,-10.233333,-23.432075,-46.469511,-41.298333,173.221111,43.427064,-3.820006,29.3447,120.032
32.384014,-94.711486,-18.0489,-39.8642,30.626783,-88.068092,69.783283,170.597006,31.1519722,-81.3910556,32.384014,-94.711486
42.770039,-1.646331,-3.368183,135.496406,-22.255,117.85,41.9335691,-85.0522935,59.33,18.058056,42.770039,-1.646331
41.5769708,-73.7323514,46.070833,18.233056,66.041811,76.313938,16.561822,-93.026081,16.966667,-88.216667,41.5769708,-73.7323514
66.2185,-15.3356,-8.199999809,147.8500061,56.5492,-61.6803,18.270933,99.504167,57.922876,-152.500511,66.2185,-15.3356
44.520194,-109.023806,34.9888,-3.02821,-20.790028,165.259486,47.61861,-52.751945,-41.943189,-71.532289,44.520194,-109.023806
40.28611,21.840834,46.123083,-67.792056,37.1325,-76.608841,52.166139,4.417944,29.826683,121.461906,40.28611,21.840834
62.894444,-160.065,42.561353,18.268244,17.747222,-64.705,70.133989,-143.581867,42.375,-72.511389,62.894444,-160.065
-2.889467,-78.984397,33.616653,73.099233,-40.973333,175.633611,44.650944,-73.468139,4.872006,31.601117,-2.889467,-78.984397
15.468958,-90.406742,18.503717,-77.913358,7.508744,99.616578,9.553422,-69.237536,-22.018431,35.313297,15.468958,-90.406742
30.939053,-6.909431,6.233789,-10.362311,31.779628,-103.201361,3.543222,-76.381583,3.898611,-55.577778,30.939053,-6.909431
39.266389,122.666944,40.632133,8.290772,29.2821,-81.1212,64.8383,11.1461,51.264721,-102.461667,39.266389,122.666944
36.982166,35.280388,37.249,27.667,15.859286,74.618292,47.866667,88.116667,52.831111,-1.328056,36.982166,35.280388
22.977881,97.752183,44.451558,-83.394053,30.678809,-97.6793837,49.366,26.933,14.020228,-60.992936,22.977881,97.752183
10.035467,-10.769825,32.311167,-90.075889,-36.9086,149.901,53.393131,58.755661,59.185,9.566944,10.035467,-10.769825
-14.436764,-146.070056,35.599889,-88.915611,33.586606,46.404842,45.4164,-75.6517,1.615994,16.037917,-14.436764,-146.070056
48.854167,103.484167,-26.834239,-49.091696,58.420556,-135.449167,0.185278,173.636389,-27.8433,120.703,48.854167,103.484167
-16.438611,-39.080833,53.864472,27.539683,17.038719,54.091297,59.1553,-2.64139,51.53251949,-0.126300373,-16.438611,-39.080833
16.699856,98.545056,-13.505,-172.627778,37.010278,25.127778,62.11,65.615,-0.086139,34.728892,16.699856,98.545056
56.0575,-6.243056,58.229883,22.509494,25.112225,56.323964,-21.6925,21.6581,30.3203,109.485,56.0575,-6.243056
-51.608875,-69.312636,40.144979,-88.200197,68.435833,17.388056,42.9098,-112.596,45.4164,-75.6517,-51.608875,-69.312636
46.583333,125,35.072972,-77.042944,53.7425,7.49778,-7.218958,-39.2701,32.6452778,-81.5971111,46.583333,125
-15.663333,-146.884769,36.181083,140.415444,40.664203,-89.693258,33.879067,-5.515125,42.402,-90.709472,-15.663333,-146.884769
44.828335,-0.715556,39.717444,118.002389,7.53242,-12.5189,-4.102511,138.957372,-48.7831,-70.15,44.828335,-0.715556
54.5589,-94.4914,9.07211,126.171,25.261125,51.565056,-21.7915,-43.386778,4.204117,34.348186,54.5589,-94.4914
48.625247,17.828444,42.940525,-78.732167,-18.074814,-140.945886,36.978333,8.876389,7.372222,113.841667,48.625247,17.828444
-15.505033,167.219742,3.836039,11.523461,31.411942,37.279469,58.767223,-111.117222,51.571389,0.695556,-15.505033,167.219742
-2.7175,17.6847,52.9436,-91.3128,11.136839,75.9553,59.3233,18.081,21.800278,31.516389,-2.7175,17.6847
18.582111,73.919697,28.5665,77.103088,-20.7748,167.239864,41.874,-103.596,-3.22243,140.9790039,18.582111,73.919697
-4.255669,-69.935828,8.974425,-71.943014,41.351944,-89.153056,12.502417,124.635778,48.221111,86.998056,-4.255669,-69.935828
26.511406,-77.083472,47.988758,10.2395,-5.092358,39.071158,31.321339,-85.449628,-38.3181,141.471,26.511406,-77.083472
-24.6863,-53.6975,44.225072,43.081889,9.284739,-74.846092,61.760153,-121.236525,-16.444378,-151.751286,-24.6863,-53.6975
